Name,Year of release,Aired Date,Aired On,Number of Episode,Network,Duration,Content Rating,Synopsis,Cast,Genre,Tags,Rank,Rating
Move to Heaven,2021,"May 14, 2021", Friday,10,Netflix ,52 min.,18+ Restricted (violence & profanity) ,"Geu Roo is a young autistic man. He works for his father’s business “Move To Heaven.” Their job is to arrange items left by deceased people. One day, Geu Roo's own father dies. Geu Roo is left alone, but his uncle Sang Koo suddenly appears in front of him. Sang Koo is a cold man. He was a martial artist who fought in underground matches. He went to prison because of what happened at his fight. Sang Koo now becomes Geu Roo’s guardian. They run “Move To Heaven” together.","Lee Je Hoon, Tang Jun Sang, Hong Seung Hee, Jung Suk Yong, Jung Young Joo, Lee Moon Shik","Life,  Drama,  Family ","Autism, Uncle-Nephew Relationship, Death, Savant Syndrome, Mourning, Tearjerker, Father-Son Relationship, Life Lesson, Ex-convict, Cleaning And Organizing",#1,9.2
Hospital Playlist,2020,"Mar 12, 2020 - May 28, 2020", Thursday,12,"Netflix,  tvN ",1 hr. 30 min.,15+ - Teens 15 or older ,"The stories of people going through their days that are seemingly ordinary but actually special, at the hospital, a place known as the microcosm of life, where someone is being born and someone's life meets their ending. The five doctors are long-time friends of 20 years who started their undergrad in 1999 in the same medical school and now are colleagues in the same hospital and have a band together.","Jo Jung Suk, Yoo Yeon Seok, Jung Kyung Ho, Kim Dae Myung, Jeon Mi Do, Shin Hyun Bin","Friendship,  Romance,  Life,  Medical ","Strong Friendship, Multiple Mains, Best Friends, Hospital, Slow Romance, Strong Female Lead, Multiple Couples, Slight Romance, Nice Male Lead, Bromance",#2,9.1
Flower of Evil,2020,"Jul 29, 2020 - Sep 23, 2020"," Wednesday, Thursday",16,tvN ,1 hr. 10 min.,15+ - Teens 15 or older ,"Although Baek Hee Sung is hiding a dark secret surrounding his true identity, he has established a happy family life and a successful career. He is a loving husband and doting father to his young daughter. But his perfect façade begins to crumble when his wife, Cha Ji Won, a homicide detective, begins investigating a string of serial murders from 15 years ago. Ji Won notices changes in Hee Sung’s behavior and begins to wonder if he could possibly be hiding something from her. ","Lee Joon Gi, Moon Chae Won, Jang Hee Jin, Seo Hyun Woo, Nam Ki Ae, Son Jong Hak","Thriller,  Romance,  Crime,  Melodrama ","Married Couple, Deception, Suspense, Family Secret, Hidden Personality, Smart Female Lead, Antisocial Personality Disorder, Investigation, Serial Killer, Psychopath",#3,9.1
Hospital Playlist 2,2021,"Jun 17, 2021 - Sep 16, 2021", Thursday,12,"Netflix,  tvN ",1 hr. 40 min.,15+ - Teens 15 or older ,"Everyday is extraordinary for five doctors and their patients inside a hospital, where birth, death and everything in between coexist.","Jo Jung Suk, Yoo Yeon Seok, Jung Kyung Ho, Kim Dae Myung, Jeon Mi Do, Shin Hyun Bin","Friendship,  Romance,  Life,  Medical ","Workplace, Strong Friendship, Best Friends, Multiple Mains, Band, Music, Strong Female Lead, Multiple Couples, Comedy, Hospital",#4,9.1
My Mister,2018,"Mar 21, 2018 - May 17, 2018"," Wednesday, Thursday",16,tvN ,1 hr. 17 min.,15+ - Teens 15 or older ,"Park Dong Hoon is a middle-aged engineer who is married to attorney Kang Yoon Hee. However, his life is not that happy as he has two unemployed brothers, Sang Hoon and Gi Hoon, who rely on him. Moreover, his wife is secretly having an affair with CEO Do Joon Yeong, his current boss and college junior.","Lee Sun Kyun, IU, Park Ho San, Song Sae Byuk, Lee Ji Ah, Kim Young Min","Psychological,  Life,  Drama,  Family ","Age Gap, Nice Male Lead, Strong Female Lead, Hardship, Smart Female Lead, Healing, Depression, Poor Female Lead, Workplace, Infidelity",#5,9.1
Prison Playbook,2017,"Nov 22, 2017 - Jan 18, 2018"," Wednesday, Thursday",16,"Netflix,  tvN ",1 hr. 32 min.,15+ - Teens 15 or older ,"Kim Je Hyuk, a famous baseball player, is arrested after using excessive force while chasing a man trying to sexually assault his sister. Shockingly to him and the rest of the nation, he is sentenced to a year in prison. There, he meets his childhood friend and fellow baseball player, Lee Joon Ho, who gave up on baseball after a car accident, but now is a prison guard and one of Je Hyuk's biggest fans. The drama revolves around Je Hyuk's time in prison, as well as the prisoners he meets and events that take place there.","Park Hae Soo, Jung Kyung Ho, Krystal Jung, Im Hwa Young, Ye Soo Jung, Kim Kyung Nam","Comedy,  Crime,  Life,  Drama ","Prison, Bromance, Wrongfully Accused, Life Lesson, Slight Romance, Strong Male Lead, Character Development, Baseball, Gangster, Murder",#6,9.1
Reply 1988,2015,"Nov  6, 2015 - Jan 16, 2016"," Friday, Saturday",20,tvN ,1 hr. 40 min.,15+ - Teens 15 or older ,"Five childhood friends, who all live in the same Ssangmundong neighborhood of Seoul, lean on each other to survive their challenging teen years and set a path for their futures. Sung Deok Sun struggles for attention as the middle child in her poor family while also carrying the burden of her 999th ranking in school. Kim Jung Hwan only has a one-track mind for soccer, even after his family becomes rich overnight. Sung Sun Woo is the perfect student, student council president and a caring and dependable son in his family. Ryu Dong Ryong is a geek who knows more about girls and life than the rest of his friends, but his poor academic score prevents him from being able to go to college. Choi Taek is a genius baduk player who dropped out of school to go professional. As the group of friends gets into and out of mischief around the neighborhood, what experiences from these memorable times together will they carry with them into their future lives? Edit Translation  English Русский Ελληνικά Italiano","Lee Hye Ri, Go Kyung Pyo, Ryu Joon Yeol, Park Bo Gum, Lee Dong Hwi, Sung Dong Il","Comedy,  Romance,  Youth,  Family ","Neighbors, Slice Of Life, Childhood Friends, Multiple Couples, Nostalgia, Poor Family, Love Triangle, Best Friends, Heartfelt, High School",#7,9.0
It's Okay to Not Be Okay,2020,"Jun 20, 2020 - Aug  9, 2020"," Saturday, Sunday",16,"Netflix,  tvN ",1 hr. 15 min.,15+ - Teens 15 or older ,"Moon Gang Tae is a community health worker at a psychiatric ward who was blessed with everything including a great body, smarts, ability to sympathize with others, patience, ability to react quickly, stamina, and more. Meanwhile, Ko Moon Young is a popular writer of children’s literature who, due to suffering from an antisocial personality disorder, seems extremely selfish, arrogant, and rude.","Kim Soo Hyun, Seo Yea Ji, Oh Jung Se, Park Gyu Young, Jang Young Nam, Kim Chang Wan","Psychological,  Comedy,  Romance,  Drama ","Sibling Relationship, Melodrama, Mental Health, Independent Female Lead, Emotionally Wounded, Successful Female Lead, Healing, Caregiver, Childhood Connection, Psychiatry",#8,9.0
Mr. Queen,2020,"Dec 12, 2020 - Feb 14, 2021"," Saturday, Sunday",20,tvN ,1 hr. 20 min.,15+ - Teens 15 or older ,"Jang Bong Hwan is a South Korean chef who has risen up the ranks to cook for the country’s top politicians in the Blue House’s presidential residences. After a serious accident, he finds himself in the body of the young queen, Kim So Yong, when whisked away to an era deep in Korea’s past.","Shin Hye Sun, Kim Jung Hyun, Bae Jong Ok, Kim Tae Woo, Jo Yun Hee, Seol In Ah","Historical,  Mystery,  Comedy,  Romance ","Smart Male Lead, Transmigration, Calm Male Lead, Joseon Dynasty, Time Travel, Sassy Female Lead, Body Swap, Gender Swap, Eccentric Female Lead, Power Struggle",#9,9.0
Mother,2018,"Jan 24, 2018 - Mar 15, 2018"," Wednesday, Thursday",16,tvN ,1 hr. 3 min.,15+ - Teens 15 or older ,"Realizing one of her students is being abused, school teacher and bird researcher Soo Jin impulsively kidnaps the girl and acts as a substitute mother in an attempt to take care of her.","Lee Bo Young, Heo Yool, Lee Hye Young, Go Sung Hee, Lee Jae Yoon, Go Bo Gyeol","Thriller,  Mystery,  Psychological,  Melodrama ","Mother-Daughter Relationship, Independent Female Lead, Orphan Female Lead, Smart Female Lead, Child Abuse, Adoption, Strong Female Lead, Motherhood, Psychopath, Cohabitation",#10,9.0
Signal,2016,"Jan 22, 2016 - Mar 12, 2016"," Friday, Saturday",16,tvN ,1 hr. 15 min.,15+ - Teens 15 or older ,"Fifteen years ago, a young girl was kidnapped on the way from school, and Park Hae Yeong, who was an elementary school student at that time, witnessed the crime. A few days later, the girl was found dead, and the police were not able to find the culprit. As time went by, Hae Yeong started distrusting the police. ","Lee Je Hoon, Kim Hye Soo, Jo Jin Woong, Kim Won Hae, Lee Yoo Joon, Jang Hyun Sung","Thriller,  Mystery,  Sci-Fi ","Different Timelines, Hwaseong Serial Murders, Murder, Criminal Profiler, Serial Killer, Tragic Past, Smart Female Lead, Corruption, Time Altering, Kidnapping",#11,9.0
Navillera,2021,"Mar 22, 2021 - Apr 27, 2021"," Monday, Tuesday",12,"Netflix,  tvN ",1 hr. 5 min.,15+ - Teens 15 or older ,A 70-year-old with a dream and a 23-year-old with a gift lift each other out of harsh realities and rise to the challenge of becoming ballerinos.,"Park In Hwan, Song Kang, Na Moon Hee, Hong Seung Hee, Kim Tae Hoon, Yoon  Ji Hye","Friendship,  Life,  Drama,  Family ","Ballet, Dream, Life Lesson, Old-Young Generation, Unusual Friendship, Ballet Dancer, Personal Growth, Adapted From A Webtoon, Father-Son Relationship, Second Chance",#12,9.0
Happiness,2021,"Nov  5, 2021 - Dec 11, 2021"," Friday, Saturday",12,tvN ,1 hr. 5 min.,15+ - Teens 15 or older ,A deadly new strain of a virus is spreading throughout the city. An apartment building that is home to people from different classes remains in quarantine. Its residents must survive in their new habitat fearing both the virus and the potential conflicts between disparate social groups. ,"Han Hyo Joo, Park Hyung Sik, Jo  Woo Jin, Lee Joon Hyuk, Park Joo Hee, Baek Hyun Jin","Action,  Thriller,  Drama,  Fantasy ","Disease, Strong Female Lead, Survival, Virus, Fake Marriage, Zombies, Discrimination, Slow Burn Romance, Infectious Disease, Illness",#13,9.0
Vincenzo,2021,"Feb 20, 2021 - May  2, 2021"," Saturday, Sunday",20,"Netflix,  tvN ",1 hr. 25 min.,15+ - Teens 15 or older ,"At the age of eight, Park Joo Hyeong went to Italy after being adopted. Now an adult, he is known as Vincenzo Cassano to the Mafia, who employ him as a consigliere. Because mafia factions are at war with each other, he flees to South Korea, where he gets involved with Lawyer Hong Cha Young. She is the type of attorney who will do anything to win a case. Now back at his motherland, he gives an unrivaled conglomerate a taste of its own medicine with a side of justice.","Song Joong Ki, Jeon Yeo Been, Ok Taec Yeon, Kim Yeo Jin, Jo Han Chul, Kwak Dong Yeon","Comedy,  Law,  Crime,  Drama ","Mafia, Revenge, Smart Male Lead, Eccentric Female Lead, Injustice, Charming Male Lead, Bromance, Father-Daughter Relationship, Badass Male Lead, Smart Female Lead",#14,9.0
Crash Landing on You,2019,"Dec 14, 2019 - Feb 16, 2020"," Sunday, Saturday",16,"Netflix,  tvN ",1 hr. 25 min.,15+ - Teens 15 or older ,"After getting into a paragliding accident, South Korean heiress Yoon Se Ri crash lands in North Korea. There, she meets North Korean army officer Ri Jung Hyuk, who agrees to help her return to South Korea. Despite the tension between their countries, the two of them start falling for one another.","Hyun Bin, Son Ye Jin, Seo Ji Hye, Kim Jung Hyun, Yang Kyung Won, Lee Shin Young","Military,  Comedy,  Romance,  Political ","North And South Korea, Star Crossed Lovers, Lovers From Different Countries, Strong Male Lead, Army Officer, Rich Female Lead, North Korean, Soldier, Fate, Nice Male Lead",#15,9.0
SKY Castle,2018,"Nov 23, 2018 - Feb  1, 2019"," Friday, Saturday",20,jTBC ,1 hr. 15 min.,15+ - Teens 15 or older ,"Han Seo Jin, Noh Seung Hye, Jin Jin Hee, and Lee Myung Joo all live with their families in SKY Castle, a luxury private neighborhood hosting wealthy doctors and professors. All of the women wish for their children to enter prestigious universities and are actively supporting their education.","Yeom Jung Ah, Lee Tae Ran, Yoon Se Ah, Oh Na Ra, Kim Seo Hyung, Jung Joon Ho","Mystery,  Psychological,  Drama,  Family ","Multiple Mains, Social Commentary, Sibling, Medical, Social Satire, Female Centered Plot, Satire, Hospital, Mother-Daughter Relationship, Death",#16,8.9
Kingdom,2020,"Mar 13, 2020", Friday,6,Netflix ,45 min.,18+ Restricted (violence & profanity) ,"Following the events in season one, waves of the undead threaten to reach the capital. In an attempt to save the people during the plague and regain his right to the throne, Crown Prince Lee Chang pursues Jo Hak Joo to overthrow him, while the Queen is in a race against time to produce an heir to the throne. ","Joo Ji Hoon, Bae Doo Na, Kim Sung Gyu, Ryu Seung Ryong, Kim  Sang Ho, Jun Suk Ho","Thriller,  Historical,  Horror,  Supernatural ","Zombies, Corruption, Strong Male Lead, Gore, Strong Female Lead, Power Struggle, Smart Female Lead, Death, Palace Politics, Greed",#17,8.9
Mr. Sunshine,2018,"Jul  7, 2018 - Sep 30, 2018"," Saturday, Sunday",24,"Netflix,  tvN ",1 hr. 20 min.,15+ - Teens 15 or older ,"Mr. Sunshine centers on a young boy born into a house servant's family and travels to the United States during the 1871 Shinmiyangyo (U.S. expedition to Korea). He returns to his homeland later as a U.S. marine officer. He meets and falls in love with an aristocrat’s daughter. At the same time, he discovers a plot by foreign forces to colonize Korea.  Edit Translation  English 한국어 中文(简体) Русский","Lee Byung Hun, Kim Tae Ri, Kim Min Jung, Yoo Yeon Seok, Byun Yo Han, Kim Gab Soo","Military,  Historical,  Romance,  Melodrama ","Independent Female Lead, Strong Male Lead, Strong Female Lead, Smart Male Lead, Bromance, Soldier, Foreigner, Rebellion, Japanese Colonial Rule, Sismance",#18,8.9
Healer,2014,"Dec  8, 2014 - Feb 10, 2015"," Monday, Tuesday",20,KBS2 ,60 min.,15+ - Teens 15 or older ,"Seo Jung Hoo is a special kind of night courier, known only as ""Healer"" by his clients. For the right price and with the help of a genius hacker, he gets his clients whatever they want, as long as it doesn't involve murder. His latest job leads him to a second-rate tabloid writer, Chae Young Shin, and the successful reporter, Kim Moon Ho. He begins to uncover the mystery of his own shared past with the two reporters, thus putting them all in danger. Edit Translation  English Русский Ελληνικά Italiano","Ji Chang Wook, Park Min Young, Yoo Ji Tae, Kim  Mi Kyung, Park Sang Won, Do Ji Won","Action,  Thriller,  Mystery,  Romance ","Double Identity, Hidden Identity, Smart Male Lead, Strong Male Lead, Childish Female Lead, Fight, Secret, Sassy Female Lead, Reporter, Trauma",#19,8.9
Stranger,2017,"Jun 10, 2017 - Jul 30, 2017"," Saturday, Sunday",16,"Netflix,  tvN ",1 hr. 10 min.,15+ - Teens 15 or older ,"Hwang Shi Mok underwent brain surgery as a child to curb his violent temper, which left him devoid of emotions.  Hwang becomes a prosecutor known for his piercing intelligence and logic, but he is ostracized because he lacks empathy and social skills. He is also one of only a handful of upright prosecutors who have refused to take bribes. One day, he encounters a stabbing victim while investigating corruption. He meets Lieutenant Han Yeo Jin at the crime scene. They join forces to root out corruption at the prosecutors’ office and solve a serial murder case.","Jo Seung Woo, Bae Doo Na, Lee Joon Hyuk, Yoo Jae Myung, Shin Hye Sun, Choi Jae Woong","Thriller,  Mystery,  Law,  Drama ","Suspense, Investigation, Corruption, Crime Solving Duo, Murder, Calm Male Lead, Alexithymia, Emotionless Male Lead, Strong Female Lead, Smart Female Lead",#20,8.9
Goblin,2016,"Dec  2, 2016 - Jan 21, 2017"," Friday, Saturday",16,tvN ,1 hr. 22 min.,15+ - Teens 15 or older ,"Kim Shin was once an unbeatable general in Goryeo's military who died a tragic death. He now possesses immortality but is tired of living while everyone else around him dies. For 900 years, Kim Shin has searched for his bride, a mortal who can pull out the sword and end his life. One day, he encounters Ji Eun Tak, a positive, upbeat high school student who can see the dead and has gone through tragic events, yet still stays strong. She claims to be the Goblin's bride who can end his immortal life, but what appears to be an easy task, only gets complicated, as the two fall in love.","Gong Yoo, Kim Go Eun, Lee Dong Wook, Yoo In Na, Yook Sung Jae, Lee El","Comedy,  Romance,  Fantasy,  Melodrama ","Supernatural, Grim Reaper, Older Man/Younger Woman, Interspecies Romance, Dokkaebi, Fate, Tearjerker, Bromance, Death, Heartfelt",#21,8.8
Hometown Cha-Cha-Cha,2021,"Aug 28, 2021 - Oct 17, 2021"," Saturday, Sunday",16,"Netflix,  tvN ",1 hr. 20 min.,15+ - Teens 15 or older ,Hometown Cha-Cha-Cha is a love story set in the seaside village of Gongjin.,"Shin Min Ah, Kim Seon Ho, Lee Sang Yi, In Gyo Jin, Jo Han Chul, Lee Bong Ryun","Comedy,  Romance,  Life ","Rural Village, Dentist, Healing, Kind-hearted Male Lead, Nice Female Lead, Cheerful Male Lead, Nice Male Lead, Bickering Couple, Rural Life, Hardworking Male Lead",#22,8.8
The Uncanny Counter,2020,"Nov 28, 2020 - Jan 24, 2021"," Saturday, Sunday",16,"Netflix,  OCN ",1 hr. 10 min.,15+ - Teens 15 or older ,Tells the story of demon hunters called Counters who come to earth under the guise of being employees at a noodle restaurant in order to capture evil spirits that have returned to earth in pursuit of eternal life.,"Cho Byeong Kyu, Yoo  Joon Sang, Kim Se Jeong, Yeom Hye Ran, Ahn Suk Hwan, Lee Hong Nae","Action,  Mystery,  Drama,  Supernatural ","Special Power, Righteous Male Lead, Evil Spirit, Strong Female Lead, Multiple Mains, Orphan Male Lead, Spirit, School Bullying, Childhood Trauma, Nice Male Lead",#23,8.8
D.P.,2021,"Aug 27, 2021", Friday,6,Netflix ,50 min.,15+ - Teens 15 or older ,"Private soldier Jun Ho is a confused youth who served in the military normally like other Koreans. One day, he suddenly becomes a member of the military defector arrest team. As such, he is tasked with capturing deserters and must grapple with the more troubling cases of why some soldiers feel they have no other choice but go absent without official leave.","Jung Hae In, Koo Kyo Hwan, Kim Sung Kyun, Son Seok Koo, Hong Kyung, Jo Hyun Chul","Action,  Military,  Comedy,  Drama ","Abuse, Soldier, Military Abuse, Violence, PTSD, Bromance, Overcoming Trauma, Adapted From A Webtoon, Sexual Assault, Desertion",#24,8.8
Kingdom,2019,"Jan 25, 2019", Friday,6,Netflix ,51 min.,18+ Restricted (violence & profanity) ,"No sooner does the Joseon King succumb to smallpox, do the rumors of his death begin. The Cho Clan, the clan of the pregnant Queen and her father, Chief State Councillor Cho Hak Joo, declares the Crown Prince a traitor.","Joo Ji Hoon, Ryu Seung Ryong, Bae Doo Na, Kim Sung Gyu, Kim Chan Yi, Kim  Sang Ho","Thriller,  Historical,  Horror,  Political ","Joseon Dynasty, Adapted From A Webtoon, Power Struggle, Gore, Nice Male Lead, Strong Male Lead, Survival, Corruption, Strong Female Lead, Epidemic",#25,8.8
The Penthouse,2020,"Oct 26, 2020 - Jan  5, 2021"," Monday, Tuesday",21,SBS ,1 hr. 25 min.,15+ - Teens 15 or older ,"The residents of Hera Palace, a luxury penthouse apartment with 100 floors, have many secrets and hidden ambitions. Sim Su Ryeon, who was born into wealth, is the queen of the penthouse apartment. Cheon Seo Jin, the prima donna of the residence, does all she can to give everything to her daughter. Oh Yoon Hee comes from a poor family background, but she strives to enter high society by becoming the queen of the penthouse, the pinnacle of success in her eyes. A battle for wealth, power, and prestige at Seoul’s most coveted penthouse begins.","Lee Ji Ah, Kim So Yeon, Eugene, Uhm Ki Joon, Bong Tae Kyu, Shin Eun Kyung","Thriller,  Mystery,  Drama,  Family ","Betrayal, Revenge, Greed, Jealousy, Female Centered Plot, Married Couple, Opera Singer, Motherhood, Twins, School Bullying",#26,8.8
Weightlifting Fairy Kim Bok Joo,2016,"Nov 16, 2016 - Jan 11, 2017"," Wednesday, Thursday",16,MBC ,60 min.,15+ - Teens 15 or older ,"Bok Joo is a weightlifter who is pursuing her dream of winning the gold medal but she then finds romance for the first time in her life. While she is a woman who trains with heavy steel weights, she is also very feminine when it comes to relationships. Focusing solely on weightlifting would jeopardize her relationship but leaving her weightlifting career for love would keep her from attaining her dreams. Can she find a way to have love as well as glory at the age of 20? The characters within this drama are elite athletes in weightlifting, swimming and rhythmic gymnastics who work hard to reach their goals in life. It covers their coming-of-age stories and relationships through hectic life.","Lee Sung Kyung, Nam Joo Hyuk, Lee Jae Yoon, Kyung Soo Jin, Cho Hye Jung, Lee Joo Young","Comedy,  Romance,  Youth,  Sports ","College Life, Dream, Friends To Lovers, Weightlifting, Strong Female Lead, Bantering Relationship, Male Chases Female First, Tomboy, Swimming, Sismance",#27,8.8
The Devil Judge,2021,"Jul  3, 2021 - Aug 22, 2021"," Saturday, Sunday",16,tvN ,1 hr. 10 min.,15+ - Teens 15 or older ,"Set in a dystopian version of present-day Korea where daily life is chaos and society has collapsed to the point that people openly voice their distrust and hatred for their leaders. In this world bereft of law and order, Head Trial Judge Kang signals the need for change. His courtroom is the subject of a reality show where he mercilessly punishes the guilty, earning him the ""Devil Judge"" nickname. As a divisive figure with an aura of mystery that belies his true identity and ambitions, the public is unsure whether he is a true hero or someone, knowingly sowing the seeds of discontent in his courtroom. ","Ji Sung, Kim Min Jung, Park Jin Young, Park Gyu Young, Jeon Chae Eun, Kim Jae Kyung","Mystery,  Law,  Crime,  Drama ","Judge, Tough Past, Dystopia, Antihero, Bromance, Hardworking Male Lead, Courtroom, Corruption, Strong Female Lead, Mysterious Male Lead",#28,8.8
Life on Mars,2018,"Jun  9, 2018 - Aug  5, 2018"," Saturday, Sunday",16,OCN ,1 hr. 5 min.,15+ - Teens 15 or older ,"As leader of a crime investigation team, Han Tae Joo has propelled his career and risen through the ranks by trusting data over all else. One day, while investigating a serial murder case, he has an accident. When he wakes up, he suddenly finds himself in the winter of 1988. He doesn't know why, but he's now a detective appointed to work at a police station in a small city. To get back to the present day, Han Tae Joo tries to solve the case.","Jung Kyung Ho, Park Sung Woong, Go Ah Sung, Oh Dae Hwan, Noh Jong Hyun, Jun Suk Ho","Action,  Mystery,  Comedy,  Supernatural ","1980s, Police Procedural, Bromance, Calm Male Lead, Smart Male Lead, Strong Friendship, Hallucination, Strong Female Lead, Serial Killer, Coma",#29,8.8
The Penthouse 2,2021,"Feb 19, 2021 - Apr  2, 2021"," Friday, Saturday",13,SBS ,1 hr. 15 min.,15+ - Teens 15 or older ,"After successfully framing Oh Yoon Hee, Cheon Seo Jin and Joo Dan Tae decided to get married. Their engagement party is interrupted by Oh Yoon Hee and Ha Yoon Cheol, who has just come back from the United States. As the secrets unveil, the relationships among the people at Hera Palace are entangled, yet another mysterious figure appears and confronts them.","Kim So Yeon, Eugene, Lee Ji Ah, Uhm Ki Joon, Yoon Jong Hoon, Shin Eun Kyung","Thriller,  Mystery,  Drama,  Family ","Revenge, Corruption, High Class Society, Female Centered Plot, Greed, Infidelity, Murder, Family Relationship, Betrayal, Married Couple",#30,8.8
Beyond Evil,2021,"Feb 19, 2021 - Apr 10, 2021"," Friday, Saturday",16,jTBC ,1 hr. 5 min.,15+ - Teens 15 or older ,Meet the two fearless men willing to go to extreme lengths in their pursuit of a serial killer that has shaken up their quiet city: ,"Shin Ha Kyun, Yeo Jin Goo, Choi Dae Hoon, Kim Shin Rok, Choi Sung Eun, Choi Jin Ho","Thriller,  Mystery,  Psychological,  Drama ","Determined Male Lead, Investigation, Suspense, Murder, Wrongfully Accused, Psychological Manipulation, Smart Male Lead, Trauma, Serial Killer, Obsession",#31,8.8
Taxi Driver,2021,"Apr  9, 2021 - May 29, 2021"," Friday, Saturday",16,SBS ,1 hr. 5 min.,18+ Restricted (violence & profanity) ,"Do Gi has lived more honestly than anyone else as an officer in the Special Forces. Yet, when a serial killer murders his mother, he spends his days in agony. While feeling wronged and broken, Do Gi meets Jang Sung Chul, who recruits Do Gi to work for his company, Rainbow Taxi. Far from an ordinary taxi service, Rainbow Taxi is a secret organization that avenges victims whom the law didn’t protect. Here, Do Gi becomes a star driver who delivers satisfying revenge. Meanwhile, Ha Na is a prosecutor who investigates Rainbow Taxi. She is furious with their lawless behavior, but at the same time, she feels confused to see them solve cases that the law cannot. Between those who believe that revenge embodies true justice and those who pursue the outlaws, Do Gi seeks what justice truly means.","Lee Je Hoon, Esom, Kim Eui Sung, Pyo Ye Jin, Cha Ji Yeon, Jang Hyuk Jin","Action,  Thriller,  Mystery,  Drama ","Adapted From A Webtoon, Taxi, Strong Male Lead, Investigation, Secret Organization, Smart Female Lead, Taxi Driver, Antihero, Calm Male Lead, Strong Female Lead",#32,8.8
Six Flying Dragons,2015,"Oct  5, 2015 - Mar 22, 2016"," Monday, Tuesday",50,SBS ,60 min.,15+ - Teens 15 or older ,"A fiction historical drama about the ambition, rise and fall of real and fictional characters based around Yi Bang Won.","Yoo Ah In, Kim Myung Min, Shin Se Kyung, Byun Yo Han, Yoon Kyun Sang, Chun Ho Jin","Action,  Historical,  Drama,  Political ","Revolution, Power Struggle, Political Intrigue, Sword-fight, Taejong, Scheme, Taejo, Smart Male Lead, Goryeo Dynasty, Bromance",#33,8.8
The Guest,2018,"Sep 12, 2018 - Nov  1, 2018"," Wednesday, Thursday",16,OCN ,1 hr. 7 min.,18+ Restricted (violence & profanity) ,"Yoon Hwa Pyung, a young psychic born into a shaman family, learns about the powerful demon called ""Son"" (Guest). The demon has the power to control other demons and allows them to possess weak people. The possessed people then go mad, kill their families, and stab themselves in the eye. Fatefully, Hwa Pyung, Choi Yoon; a young boy born in a religious Catholic family, and Kang Kil Yeong; the daughter of a detective, meet when their families are killed by a demon.","Kim Dong Wook, Kim Jae Wook, Jung Eun Chae, Lee Won Jong, Park Ho San, Ahn Nae Sang","Thriller,  Mystery,  Horror,  Supernatural ","Exorcism, Death, Demon, Possessed, Shamanism, Murder, Psychic, Strong Female Lead, Priest, Policewoman",#34,8.8
Racket Boys,2021,"May 31, 2021 - Aug  9, 2021"," Monday, Tuesday",16,"Netflix,  SBS ",1 hr. 15 min.,15+ - Teens 15 or older ,"A story of a boys' badminton team at a middle school in Haenam as they grow, both as people and as players.","Kim Sang Kyung, Oh Na Ra, Tang Jun Sang, Son Sang Yeon, Choi Hyun Wook, Kim Kang Hoon","Friendship,  Comedy,  Youth,  Sports ","Coliving, Boarding House, Charismatic Female Lead, Legend, Rural Life, Working Mom, Athlete, Tough Female Lead, Tough Male Lead, Badminton",#35,8.8
Youth of May,2021,"May  3, 2021 - Jun  8, 2021"," Monday, Tuesday",12,KBS2 ,1 hr. 10 min.,15+ - Teens 15 or older ,"Hee Tae becomes the pride of Gwangju when he enters Seoul National University College of Medicine with top marks. His best friend Kyung Soo, an avid pro-democracy activist, insists that they open an illegal clinic for students on the run from the government. One day, a factory worker is injured during a protest. In exchange for the costs of discreetly transporting himself and the factory worker to his hometown, Hee Tae must go to a meeting with a potential marriage partner arranged by his father. At this meeting, Hee Tae meets Myung Hee, a nurse persevering through the hardships of life. She only agrees to go to this meeting in place of her friend Soo Ryeon, because she needs to come up with the airfare to go study in Germany. However, Myung Hee and Hee Tae end up falling in love. In May of 1980, amidst the heated passion and cries for democracy that reverberated throughout Gwangju, Hee Tae and Myung Hee find themselves in a twist of fate.","Lee Do Hyun, Go Min Si, Lee Sang Yi, Geum Sae Rok, Oh Man Suk, Uhm Hyo Sub","Historical,  Romance,  Drama,  Melodrama ","1980s, Nurse, Rich Man/Poor Woman, Gwangju Uprising, Medical Student, Strong Female Lead, Smart Female Lead, Forbidden Love, Star Crossed Lovers, Tearjerker",#36,8.8
Mouse,2021,"Mar  3, 2021 - May 19, 2021"," Wednesday, Thursday",20,tvN ,1 hr. 15 min.,18+ Restricted (violence & profanity) ,"A suspenseful story that asks the key question, “What if we could identify psychopaths in advance?” A crazed serial killer’s ruthless murders have left the entire nation gripped with fear, and chaos reigns. Justice-seeking rookie police officer, Jung Ba Reum, comes face to face with the killer. While he survives his dangerous encounter with the psychopath, Jung Ba Reum finds his life completely changing before his eyes.","Lee Seung Gi, Lee Hee Joon, Park Joo Hyun, Kyung Soo Jin, Woo Ji Hyun, Ahn Jae Wook","Thriller,  Mystery,  Sci-Fi ","Psychopath, Murder, Serial Killer, Investigation, Character Development, Detective, Neurosurgeon, Extreme Violence, Child Sexual Abuse, Flashback To Past",#37,8.7
Sweet Home,2020,"Dec 18, 2020", Friday,10,Netflix ,52 min.,18+ Restricted (violence & profanity) ,"Following the death of his family in an accident, loner Cha Hyun Soo moves to a new apartment. His quiet life is soon disturbed by strange incidents that start occurring in his apartment, and throughout Korea. As people start to turn into monsters, Hyun Soo and the other residents try to survive.","Song Kang, Lee Jin Wook, Lee Si Young, Lee Do Hyun, Kim Nam Hee, Go Min Si","Horror,  Drama,  Sci-Fi,  Supernatural ","Monsters, Gore, Survival, Character Development, Adapted From A Webtoon, Supernatural Phenomena, Multiple Mains, Trauma, School Bullying, Attempted Suicide",#38,8.7
18 Again,2020,"Sep 21, 2020 - Nov 10, 2020"," Monday, Tuesday",16,jTBC ,1 hr. 10 min.,15+ - Teens 15 or older ,"After nearly twenty years of marriage, Jung Da Jung and Hong Dae Young seem to be well settled in their domestic lives. The proud parents of a pair of eighteen year old twins, the devoted couple have worked hard to build a happy home together. But what seems like an ideal life on the outside is really anything but. Fed up with Dae Young’s incessant nonsense, Da Jung is at her wits’ end. When Dae Young announces that he’s been fired, Da Jung gives up completely. Convinced life would be better without her husband in it, Da Jung wastes no time in filing for divorce.","Kim Ha Neul, Yoon Sang Hyun, Lee Do Hyun, Roh Jeong Eui, Ryeoun, Wi Ha Joon","Romance,  Life,  Drama,  Fantasy ","Second Chance, Personal Growth, First Love, Return To Past, Father-Son Relationship, Divorce, Remake, Married Couple, Hardworking Female Lead, Father-Daughter Relationship",#39,8.7
Chicago Typewriter,2017,"Apr  7, 2017 - Jun  3, 2017"," Friday, Saturday",16,tvN ,1 hr. 10 min.,15+ - Teens 15 or older ,This drama follows the lives of two men and a woman through two eras: one during the 1930s Japanese occupation of Korea and the other in the 21st century. The three main characters are,"Yoo Ah In, Im Soo Jung, Go Kyung Pyo, Kwak Shi Yang, Jo  Woo Jin, Oh Na Ra","Comedy,  Romance,  Supernatural,  Political ","Reincarnation, Strong Friendship, Writer, Hardworking Male Lead, Hardworking Female Lead, Strong Female Lead, Successful Male Lead, Bromance, Flashback To Past, Tragic Past",#40,8.7
Defendant,2017,"Jan 23, 2017 - Mar 21, 2017"," Monday, Tuesday",18,SBS ,1 hr. 10 min.,15+ - Teens 15 or older ,"Park Jung Woo is a prosecutor at Seoul Central District Prosecutors’ Office. One day, he wakes up and finds himself a convict on death row. Suffering from temporary amnesia, Jung Woo has no idea what transpired to land him in prison. He struggles to recover his memory and clear his name before his time is up.  Edit Translation  English Русский Português Tiếng Việt","Ji Sung, Uhm Ki Joon, Kwon Yu Ri, Oh Chang Seok, Uhm Hyun Kyung, Jung Dong Gyu","Thriller,  Mystery,  Law,  Drama ","Prison, Murder, Amnesia, Wrongfully Accused, Identity Swap, Bromance, Prisoner, Identical Twins, Suspense, Good Twin/Evil Twin",#41,8.7
While You Were Sleeping,2017,"Sep 27, 2017 - Nov 16, 2017"," Wednesday, Thursday",32,SBS ,30 min.,15+ - Teens 15 or older ,A young woman with bad premonition dreams meets two people who suddenly develop the same ability.,"Bae Suzy, Lee Jong Suk, Jung Hae In, Lee Sang Yeob, Hwang Young Hee, Shin Jae Ha","Mystery,  Romance,  Drama,  Fantasy ","Precognition, Nice Male Lead, Neighbors, Murder, Tragic Past, Childhood Acquaintance, Smart Male Lead, Steamy Kiss, Strong Female Lead, Healing",#42,8.7
Dear My Friends,2016,"May 13, 2016 - Jul  2, 2016"," Friday, Saturday",16,tvN ,1 hr. 10 min.,15+ - Teens 15 or older ,"Park Wan is a translator who is constantly pulled by her mother, Jang Nan Hee, to hang out with her elder friends, Jo Hee Ja, Moon Jung Ah, Oh Choong Nam, and Lee Yeong Won. The plot revolves around the friends' twilight years as they are rediscovering themselves through relationships and family, the struggles they face due to their old age, and their life journey that they share with  Park Wan in the hope she would write a novel about them.","Go Hyun Jung, Kim Hye Ja, Na Moon Hee, Go Doo Shim, Park Won Sook, Youn Yuh Jung","Life,  Drama,  Family,  Melodrama ","Best Friends, Life Lesson, Female Centered Plot, Senior Citizen, Mother-Son Relationship, Mother-Daughter Relationship, Multiple Couples, Single Mother, Sismance, Family Conflict",#43,8.7
Dr. Romantic 2,2020,"Jan  6, 2020 - Feb 25, 2020"," Monday, Tuesday",16,SBS ,1 hr. 10 min.,15+ - Teens 15 or older ,"A “real doctor” story set in a small, humble hospital called Doldam Hospital. It is a story about people who meet Kim Sa Bu, a genius doctor, and discover “real romance.”","Han Seok Kyu, Ahn Hyo Seop, Lee Sung Kyung, Kim Joo Heon, Shin Dong Wook, So Ju Yeon","Romance,  Drama,  Medical,  Melodrama ","Hospital, Smart Male Lead, Character Development, Bickering Couple, Love/Hate Relationship, Smart Female Lead, Hardworking Female Lead, Nurse, Healing, Nervous Female Lead",#44,8.7
"Kill Me, Heal Me",2015,"Jan  7, 2015 - Mar 12, 2015"," Wednesday, Thursday",20,MBC ,1 hr. 2 min.,15+ - Teens 15 or older ,"A traumatic childhood experience leaves Cha Do Hyeon, suffering from memory loss and dissociation. The latter has resulted in the creation of seven distinct personalities. Wanting to regain control over his life, he asks Oh Ri Jin, a first-year psychiatric resident, to help him, but she eventually falls in love with one of his personalities. Ri Jin’s twin brother, Oh Ri On, a famous mystery novelist, investigates Do Hyeon and his family. (Source: MyDramaList) Edit Translation  English Русский Türkçe Português","Ji Sung, Hwang Jung Eum, Park Seo Joon, Kim Yoo Ri, Oh Min Suk, Kim Young Ae","Psychological,  Comedy,  Romance,  Drama ","Dissociative Identity Disorder, Trauma, Boss-Employee Relationship, Rich Male Lead, Mental Health, PTSD, Psychiatry, Nice Male Lead, Mean Male Lead, Rich Man/Poor Woman",#45,8.7
Arthdal Chronicles Part 2,2019,"Jun 22, 2019 - Jul  7, 2019"," Saturday, Sunday",6,"Netflix,  tvN ",1 hr. 21 min.,15+ - Teens 15 or older ,"Ta Gon has now become the most powerful man in Arthdal. He has an affectionate relationship only with Taealha, the daughter of the rival Hae Tribe, because of their shared ambitions.","Song Joong Ki, Kim Ji Won, Jang Dong Gun, Kim Ok Bin, Jo Sung Ha, Park Hae Joon","Historical,  Romance,  Fantasy,  Political ","Twins, War, Power Struggle, Revenge, Slavery, Good Twin/Evil Twin, Strong Female Lead, Character Development, Father-Daughter Relationship, Sibling",#46,8.7
Misaeng,2014,"Oct 17, 2014 - Dec 20, 2014"," Friday, Saturday",20,tvN ,1 hr. 20 min.,15+ - Teens 15 or older ,"Jang Geu Rae has played the game of Go since he was a child. When his plans of becoming a professional Go player fail, the down-and-out Geu Rae is forced to take an office job as an intern set up for him by an acquaintance’s recommendation for him to a large company called One International.","Im Si Wan, Lee Sung Min, Kang So Ra, Kang Ha Neul, Byun Yo Han, Kim Dae Myung","Friendship,  Business,  Life,  Drama ","Office Worker, Workplace Abuse, Teamwork, Adapted From A Webtoon, Hardworking Male Lead, Workplace, Smart Female Lead, Strong Female Lead, Nice Male Lead, Hardworking Female Lead",#47,8.7
Arthdal Chronicles Part 3,2019,"Sep  7, 2019 - Sep 22, 2019"," Saturday, Sunday",6,"Netflix,  tvN ",1 hr. 20 min.,15+ - Teens 15 or older ,"Following Part I & II, Ta Gon has gotten what he wants as he sits atop his throne. However, now his life and throne are threatened when Eun Seom begins to gather power among the slaves and peasants of Arth as he starts to fight back against the elite. Although Ta Gon has so far kept his half-Neanthal heritage a secret from the world, his eyes shine purple, preparing to go all out in fighting Eun Seom.","Song Joong Ki, Kim Ji Won, Jang Dong Gun, Kim Ok Bin, Kim Sung Chul, Karata Erika","Historical,  Romance,  Fantasy,  Political ","Power Struggle, War, Supernatural Power, Strong Female Lead, Identical Twins, Curse, Revenge, Superhuman Strength, Pre-produced, Sibling",#48,8.7
My Name,2021,"Oct 15, 2021", Friday,8,Netflix ,50 min.,18+ Restricted (violence & profanity) ,"Following her father's murder, a revenge-driven woman puts her trust in a powerful crime boss — and enters the police force under his direction.","Han So Hee, Park Hee Soon , Ahn Bo Hyun, Lee Hak Joo, Kim  Sang Ho, Jang Yool","Action,  Thriller,  Crime ","Revenge, Undercover Agent, Strong Female Lead, Double Identity, Crime Boss, Gang, Noir, Strong Male Lead, Drugs, Death",#49,8.7
Hotel del Luna,2019,"Jul 13, 2019 - Sep  1, 2019"," Saturday, Sunday",16,tvN ,1 hr. 20 min.,15+ - Teens 15 or older ,"Nestled deep in the heart of Seoul’s thriving downtown sits a curious hotel, the like of which no one has ever seen before. Old beyond measure, the building has stood for millennia, an ever-present testament to the fact that things are not always what they seem. Running this hotel is Jang Man Wol, a greedy, suspicious soul who has spent the past thousand years acting as the establishment’s CEO. Bound to the hotel by a deity who keeps her there to save her from going berserk and self-destruction with rage, hatred and thirst for revenge. Her only hope of escape is if she could let go of her resentment and hatred, and find love. Trapped in her resentment for a betrayal, Man Wol is doomed to spend all of the eternity running this odd establishment, catering to the needs of the most peculiar clientele. ","IU, Yeo Jin Goo, Shin Jung Keun, Bae Hae Seon, P.O, Jo Hyun Chul","Horror,  Comedy,  Romance,  Fantasy ","Boss-Employee Relationship, Immortal, Strong Female Lead, Ghost, Ghost-seeing Male Lead, Supernatural, Hotel, Rich Female Lead, Nice Male Lead, Strong Friendship",#50,8.7
Dr. Romantic,2016,"Nov  7, 2016 - Jan 16, 2017"," Monday, Tuesday",20,SBS ,60 min.,15+ - Teens 15 or older ,"Kim Sa Bu was once a famous surgeon at the peak of his career at a major hospital. But he suddenly gives it all up one day to live in seclusion and work as a neighborhood doctor in a small town. He now goes by “Teacher Kim” and refers to himself as the “Romantic Doctor”. Meanwhile, Kang Dong Joo became a doctor to make something of himself after growing up poor, and he seeks out VIP patients to achieve the success that he desperately wants. Yoon Seo Jung is a passionate young surgeon who is haunted by a mistake from her past and tries to get over it. When Dong Joo and Seo Jung meet the quirky Teacher Kim, their lives and careers will never be the same again. Edit Translation  English Español Français Italiano","Han Seok Kyu, Yoo Yeon Seok, Seo Hyun Jin, Choi Jin Ho, Yang Se Jong, Jang Hyuk Jin","Romance,  Drama,  Medical ","Surgeon, Strong Male Lead, Smart Male Lead, Strong Female Characters, Hardworking Female Lead, Hardworking Male Lead, Character Development, Smart Female Lead, Boss-Employee Relationship, Slow Burn Romance",#51,8.7
The Fiery Priest,2019,"Feb 15, 2019 - Apr 20, 2019"," Friday, Saturday",40,SBS ,35 min.,15+ - Teens 15 or older ,Kim Hae Il is a Catholic priest. He makes spiteful remarks and he can be rude to others. Koo Dae Young is a detective. He talks a lot and he is also timid. Park Kyung Sun is a prosecutor. She is smart and beautiful. She is also ambitious as a prosecutor and good at her job.,"Kim Nam Gil, Kim Sung Kyun, Lee Ha Nee, Go Jun, Geum Sae Rok, Jeon Sung Woo","Action,  Mystery,  Comedy,  Crime ","Badass Male Lead, Priest, Eccentric Male Lead, Sassy Female Lead, Bromance, Aggressive Male Lead, Church, Strong Friendship, PTSD, Sismance",#52,8.7
Moon Lovers,2016,"Aug 29, 2016 - Nov  1, 2016"," Monday, Tuesday",20,SBS ,60 min.,15+ - Teens 15 or older ,"When a total eclipse of the sun takes place, Go Ha Jin is transported back in time to the start of the Goryeo Dynasty of Korea during King Taejo's rule. She wakes up in the body of the 16-year-old Hae Soo and finds herself living in the house of the 8th Prince Wang Wook, who is married to Hae Soo's cousin. She soon befriends several of the princes and meets the ostracized 4th Prince, Wang So. Although knowing she should not get involved in palace intrigues over the succession to the throne, she inadvertently becomes a pawn in the struggle, as several of the Princes fall in love with her. ","Lee Joon Gi, IU, Kang Ha Neul, Hong Jong Hyun, Nam Joo Hyuk, Byun Baek Hyun","Historical,  Romance,  Melodrama ","Goryeo Dynasty, Power Struggle, Sibling Rivalry, Tearjerker, Adapted From A Novel, Time Travel, Death, Gwangjong, Reverse-Harem, Obsession",#53,8.7
Descendants of the Sun,2016,"Feb 24, 2016 - Apr 14, 2016"," Wednesday, Thursday",16,KBS2 ,60 min.,15+ - Teens 15 or older ,A love story that develops between a surgeon and a special forces officer.,"Song Joong Ki, Song Hye Kyo, Jin Goo, Kim Ji Won, Lee Seung Jun, Seo Jung Yeon","Action,  Comedy,  Romance,  Melodrama ","Soldier, Hardworking Female Lead, Multiple Couples, Bromance, Hardworking Male Lead, Charming Male Lead, Gun Violence, Filmed Abroad, Friendship, Strong Friendship",#54,8.7
Hot Stove League,2019,"Dec 13, 2019 - Feb 14, 2020"," Friday, Saturday",16,SBS ,1 hr. 2 min.,15+ - Teens 15 or older ,"About the preparation period of a major league baseball team. The drama focuses on a loser team that prepares for an extraordinary season upon the arrival of their new general manager, and each episode will focus on a problem they have as they prepare to become a stronger team.","Namkoong Min, Park Eun Bin, Cho Byeong Kyu, Oh Jung Se, Son Jong Hak, Kim Do Hyun","Drama,  Sports,  Melodrama ","Hardworking Female Lead, Baseball, Hardworking Male Lead, Workplace, Teamwork, General Manager, Corruption, Successful Male Lead, Tough Male Lead, Calm Male Lead",#55,8.7
Strong Woman Do Bong Soon,2017,"Feb 24, 2017 - Apr 15, 2017"," Friday, Saturday",16,jTBC ,1 hr. 7 min.,15+ - Teens 15 or older ,"Do Bong Soon is a petite, unemployed woman who is honest and kind. She appears little and sweet on the outside, but she is in fact very, very strong. For generations in her family, the women have been gifted Herculean strength to use for the greater good. If abused, however, their power will be taken away.","Park Bo Young, Park Hyung Sik, Kim Ji Soo, Jun Suk Ho, Shim Hye Jin, Yoo Jae Myung","Action,  Thriller,  Comedy,  Romance,  Drama,  Supernatural ","Strong Female Lead, Female Lead Action Scenes, Love Triangle, Superhuman Strength, Strong Female Characters, Game Developer, Gangster, Nice Male Lead, Bodyguard, Workplace",#56,8.7
Law School,2021,"Apr 14, 2021 - Jun  9, 2021"," Wednesday, Thursday",16,"jTBC,  Netflix ",1 hr. 5 min.,15+ - Teens 15 or older ,"When a grim incident occurs at their prestigious school, justice through law is put to the test by a tough law professor and his ambitious students.","Kim Myung Min, Kim Bum, Ryu Hye Young, Lee Jung Eun, Lee Soo Kyung, Lee David","Mystery,  Law,  Crime,  Drama ","Smart Male Lead, School, Student, University, Death, Hardworking Female Lead, Rich Male Lead, Law Student, Campus Life, Nice Male Lead",#57,8.7
Live,2018,"Mar 10, 2018 - May  6, 2018"," Saturday, Sunday",18,"Netflix,  tvN ",1 hr. 15 min.,15+ - Teens 15 or older ,"The drama revolves around the incidents that occur in the police force and the joy, sorrow, and pain that police officers experience as they try to protect justice.","Lee Kwang Soo, Jung Yu Mi, Bae Sung Woo, Bae Jong Ok, Sung Dong Il, Jang Hyun Sung","Friendship,  Comedy,  Romance,  Crime ","Teamwork, Violence, Strong Friendship, Slice Of Life, Policewoman, Strong Female Lead, Smart Female Lead, Male Chases Female First, Rape, Nice Male Lead",#58,8.7
Tunnel,2017,"Mar 25, 2017 - May 21, 2017"," Saturday, Sunday",16,OCN ,60 min.,15+ - Teens 15 or older ,"In 1986, Park Gwang Ho works as an excellent and enthusiastic detective. His life changes when he’s pursuing leads in a serial homicide case and then passes through a time portal, which transports him to present day Seoul.  He meets a new partner Kim Sun Jae, an elite detective who happens to be a bit eccentric, but is one highly skilled investigator. The detective duo will also find help in psychology professor, Shin Jae Yi.","Choi Jin Hyuk, Yoon Hyun Min, Lee Yoo Young, Jo Hee Bong, Kim Byung Chul, Kang Ki Young","Thriller,  Mystery,  Sci-Fi,  Fantasy ","Time Travel, Murder, Criminal Profiler, Serial Killer, Bromance, Hardworking Male Lead, Hidden Identity, Strong Female Lead, Character Development, Slight Romance",#59,8.7
Strangers from Hell,2019,"Aug 31, 2019 - Oct  6, 2019"," Saturday, Sunday",10,OCN ,60 min.,15+ - Teens 15 or older ,"Yoon Jong Woo is a young guy in his 20s who moves from the countryside to Seoul after his college friend, Jae Ho, offers him a job. While looking for a place to live, he stumbles upon Eden Gosiwon, a cheap hostel that shares the kitchen and bathroom with other residents. He is not thrilled about the quality of the place or the other abnormal residents, such as his next-door neighbor Seo Moon Jo, a charismatic dentist. Nevertheless, Jong Woo decides to put up with it for 6 months until he saves enough money to move out. However, mysterious events start occurring in the apartment, causing Jong Woo to begin fearing the apartment's residents.","Im Si Wan, Lee Dong Wook, Lee Jung Eun, Ahn Eun Jin, Park Jong Hwan, Lee Joong Ok","Thriller,  Horror,  Psychological,  Drama ","Adapted From A Webtoon, Murder, PTSD, Gaslighting, Mental Illness, Mental Torment, Hostel, Trauma, Torture, Psychopath",#60,8.7
"It's Okay, That's Love",2014,"Jul 23, 2014 - Sep 11, 2014"," Wednesday, Thursday",16,SBS ,60 min.,15+ - Teens 15 or older ,"Despite being a bit of a prickly pear, Jang Jae Yeol has become famous for authoring mystery novels and for hosting a popular radio show. While sitting on a talk show panel with psychiatrist Ji Hae Soo, it became clear to all that the two just rubbed each other the wrong way. ","Jo In Sung, Gong Hyo Jin, Sung Dong Il, Lee Kwang Soo, Jin Kyung, Lee Sung Kyung","Psychological,  Comedy,  Romance,  Drama ","Strong Female Lead, Psychiatry, Mental Health, Trauma, Charming Male Lead, Healing, Adult Romance, Melodrama, Cohabitation, Housemates",#61,8.6
Eulachacha Waikiki,2018,"Feb  5, 2018 - Apr 17, 2018"," Monday, Tuesday",20,jTBC ,1 hr. 5 min.,15+ - Teens 15 or older ,"Three very different young men – Dong Goo, the bad luck incarnate who dreams of becoming a film director, Joon Ki, an eccentric actor who performs to make a living, and Doo Shik, a freelancer writer who fiddles around doing nothing most of the time - open a guest house named “Waikiki” in Itaewon where many foreigners come to stay.  Although they have no clue how to run it, they’re eager to earn money to pay for the production of their upcoming film.","Kim Jung Hyun, Lee Yi Kyung, Son Seung Won, Jung In Sun, Go Won Hee, Lee Joo Woo","Comedy,  Life,  Youth,  Drama ","Housemates, Bromance, Friends To Lovers, Motherhood, Cohabitation, Babysitting, Single Mother, Actor, Childhood Friends, Secondary Couple",#62,8.6
The Bridal Mask,2012,"May 30, 2012 - Sep  6, 2012"," Wednesday, Thursday",28,KBS2 ,1 hr. 5 min.,15+ - Teens 15 or older ,"Lee Kang To is an ambitious and callous Korean officer employed by the Japanese colonists. Despite his mother's disapproval of his work and his own brother's antagonistic history with the Japanese, Kang To continues to play by the colonist's rules in hopes of becoming successful and bringing his family out of poverty. However, a mysterious figure wearing a traditional Bridal Mask always seems to get in Kang To's way. The Bridal Mask appears as a Zorro-like figure who protects the people from the Japanese colonists' oppression and abuse of power. An unexpected turn of events brings Kang To to cross paths with the mysterious Bridal Mask, changing his future and the nation's history forever. ","Joo Won, Jin Se Yeon, Park Ki Woong, Han Chae Ah, Shin Hyun Joon, Chun Ho Jin","Action,  Historical,  Romance,  Political ","Japanese Colonial Rule, Hidden Identity, Revenge, Rebellion, Murder, Love Triangle, Adapted From A Manhwa, Investigation, Drama, Sword-fight",#63,8.6
Partners for Justice 2,2019,"Jun  3, 2019 - Jul 29, 2019"," Monday, Tuesday",32,MBC ,35 min.,15+ - Teens 15 or older ,"In crime and in life, all contact leaves a trace. There is no perfect crime and our hero and heroine have the ultimate cooperation. This drama continues the tale of a forensic scientist and a prosecutor who make the best of teams.","Jung Jae Young, Jung Yoo Mi, Oh Man Suk, Noh Min Woo, Kang Seung Hyun, Park Jun Gyu","Mystery,  Law,  Drama,  Medical ","Forensic Science, Prosecutor Female Lead, Doctor Male Lead, Rich Female Lead, Death, Murder, Investigation",#64,8.6
Jewel in the Palace,2003,"Sep 15, 2003 - Mar 23, 2004"," Monday, Tuesday",54,MBC ,1 hr. 5 min.,13+ - Teens 13 or older ,"About 500 years ago during the time of Chosun Dynasty, Korea boasted a rigidly hierarchical and male dominated social structure. Based on a true story about a legendary girl, Jang Geum, who became the first woman to be the supreme royal physician of her times. Despite her poor condition as a low class girl in the male dominated society, Jang Geum overcame a series of social discrimination and landed herself as a royal cook, later becoming the royal physician, then ultimately the physician in charge of the king. She was even given by the king the title ""The Great Jang Geum."" The story of her checkered life on her success and breakdown as well as her love story beautifully unfold.","Lee Young Ae, Ji Jin Hee, Hong Ri Na, Im Ho, Yang  Mi Kyung, Kyeon Mi Ri","Food,  Historical,  Romance,  Medical ","Cooking, Strong Female Lead, Royal Rules And Etiquette, Joseon Dynasty, Royal Cook, Doctor Female Lead, Faithful Male Lead, Smart Female Lead, Melodrama, Drama",#65,8.6
My Father is Strange,2017,"Mar  4, 2017 - Aug 27, 2017"," Saturday, Sunday",52,KBS2 ,1 hr. 6 min.,15+ - Teens 15 or older ,"This drama is about a family that lives on the outskirts of Seoul. Byun Han Soo is the father and His wife, Na Yeong Shil is a dedicated, responsible mother to his three daughters and one son including Hye Yeong, Mi Yeong, Ra Yeong, and Joon Young. Suddenly one day, Ahn Joong Hee shows up at the household and declares that he is the son of the family. Joong Hee is an actor who used to be a member of an idol group. He begins to live with them.","Kim Yeong Cheol, Kim Hae Sook, Ryu Soo Young, Lee Yoo Ri, Lee Joon, Jung So Min","Comedy,  Romance,  Drama,  Family ","Family Secret, Sisterhood, Eccentric Female Lead, Fake Incest, Multiple Couples, Strong Female Lead, Father-Daughter Relationship, Mother-Daughter Relationship, Mother-Son Relationship, Father-Son Relationship",#66,8.6
Children of Nobody,2018,"Nov 21, 2018 - Jan 16, 2019"," Wednesday, Thursday",32,MBC ,30 min.,15+ - Teens 15 or older ,"Cha Woo Kyung is a child counselor who works at a children’s center. Her life seems perfect since she is married to a great husband and is pregnant. However, her perfect life doesn't last long, when an accident changes her life. She then meets Kang Ji Hun, a detective who is strict toward criminals and believes they should be punished to the full extent.","Kim Sun Ah, Lee Yi Kyung, Nam Gyu Ri, N, Joo Seok Tae, Na Young Hee","Thriller,  Mystery,  Psychological,  Crime,  Drama ","Trauma, Child Abuse, Smart Female Lead, Child Behavior Issues, Abuse, Murder, Tragic Past, Psychiatry, Child Abandonment, Domestic Violence",#67,8.6
Go Back Couple,2017,"Oct 13, 2017 - Nov 18, 2017"," Friday, Saturday",12,KBS2 ,1 hr. 10 min.,15+ - Teens 15 or older ,"38-years-old married couple, Choi Ban Do and Ma Jin Joo, were in love when they got married but now, hate each other and regret marrying at such a young age. Choi Ban Do has been burdened with being the breadwinner, and Ma Jin Joo is a housewife with low self-esteem. The couple travels through time and finds themselves as 20-year-old university students when they met for the first time.","Jang Na Ra, Son Ho Jun, Heo Jung Min, Han Bo Reum, Jang Ki Yong, Go Bo Gyeol","Comedy,  Romance,  Life,  School,  Drama,  Family,  Supernatural ","Time Travel, Love/Hate Relationship, Marriage, Mother-Daughter Relationship, Misunderstanding, 1990s, Failing Marriage, Married Couple, Sassy Female Lead, Sismance",#68,8.6
Good Manager,2017,"Jan 25, 2017 - Mar 30, 2017"," Wednesday, Thursday",20,KBS2 ,60 min.,15+ - Teens 15 or older ,"Can corporate politics turn a bad person into a good person? Kim Sung Ryong is a skilled accountant who works for gangsters. He makes his way into a company called TQ Group as a middle manager in the accounting department with the intention of embezzling money from the company. As he contends with hot-shot accountant Yoon Ha Kyung, financial prodigy Seo Yul and peppy intern Hong Ga Eun, Sung Ryong finds himself embroiled in office politics and notices other shenanigans by those in power that threaten to bring down the company. Sung Ryong slowly comes to realize that he’d rather fight against corporate corruption and fight for employees’ rights than complete the mission he originally came to do. Can he succeed at his new objective against all odds?","Namkoong Min, Nam Sang Mi, Lee Jun Ho, Jung Hye Sung, Kim Won Hae, Kim Kang Hyun","Business,  Comedy,  Crime,  Drama ","Eccentric Male Lead, Corruption, Bromance, Social Satire, Smart Male Lead, Revenge, Accountant, Enemy Mine, Smart Female Lead, Strong Female Lead",#69,8.6
Stranger 2,2020,"Aug 15, 2020 - Oct  4, 2020"," Saturday, Sunday",16,"Netflix,  tvN ",1 hr. 2 min.,15+ - Teens 15 or older ,"The prosecutor's office and the police find themselves on opposing sides. The prosecutors, including elite prosecutor Woo Tae Ha, want discretionary power over investigations. Meanwhile, the police, including Choi Bit, tries to get complete investigative authority that is independent of the prosecutor's office.","Jo Seung Woo, Bae Doo Na, Jeon Hye Jin, Choi Moo Sung, Lee Joon Hyuk, Yoon Se Ah","Thriller,  Mystery,  Law,  Drama ","Corruption, Calm Male Lead, Smart Male Lead, Suspense, Emotional Blunting, Power Struggle, Strong Female Lead, Strong Male Lead, Policewoman, Alexithymia",#70,8.6
My Love from the Star,2013,"Dec 18, 2013 - Feb 27, 2014"," Wednesday, Thursday",21,SBS ,58 min.,15+ - Teens 15 or older ,"Do Min Joon is an alien who landed on Earth 400 years ago during the Joseon Dynasty period. He possesses a near perfect appearance and enhanced physical abilities involving his vision, hearing and speed. Later, he discovers that he has three months left on Earth. And that is when he meets Cheon Song Yi, the biggest Hallyu star in Korea.","Kim Soo Hyun, Jun Ji Hyun, Park Hae Jin, Yoo In Na, Shin Sung Rok, Kim Chang Wan","Comedy,  Romance,  Drama,  Supernatural ","Alien, Interspecies Romance, Famous Actress, Celebrity, Professor, Sassy Female Lead, Superhuman Strength, Time Manipulation, Cyberbullying, Star Crossed Lovers",#71,8.6
Empress Ki,2013,"Oct 28, 2013 - Apr 29, 2014"," Monday, Tuesday",51,MBC ,1 hr. 5 min.,15+ - Teens 15 or older ,"Genghis Khan built an empire that spanned vast regions in East Asia and East Europe. And there was one woman who held immense power in the Yuan Dynasty, which Genghis Khan founded, for 37 years. She was neither of Mongol descent nor from the Han Chinese. She came from Goryeo, a small kingdom in the Far East. She was taken to Mongol against her will as a Gungnyeo (palace women) but somehow overcame her lowly status to become the last  empress in another land. Her name was Empress Ki.","Ha Ji Won, Ji Chang Wook, Joo Jin Mo, Baek Jin Hee, Kim Ji Han, Kim Seo Hyung","Historical,  Romance,  Melodrama,  Political ","Smart Female Lead, Strong Female Lead, Power Struggle, Possessive Male Lead, Love Triangle, Female Warrior, Yuan Dynasty, Revenge, Cross-Dressing, Goryeo Dynasty",#72,8.6
Age of Youth,2016,"Jul 22, 2016 - Aug 27, 2016"," Friday, Saturday",12,jTBC ,60 min.,15+ - Teens 15 or older ,"Five girls in their twenties come to live together in a house called ""Belle Epoque,"" which means ""a beautiful time"" in French. Each girl has a particular personality, background, and issues. In addition to the five girls, they believe there is a sixth presence - a ghost living in the house, but each sees the ghost differently. As the girls feel a bond of sympathy and become closer, they also deal with their personal issues as they live out their eventful twenties. The drama follows their struggles and incidents dealing with relationships - within their circles, with dating, and with each other - and a variety of events they are experiencing including credits, part-time jobs, drinking, hopes and dreams.","Han Ye Ri, Ryu Hwa Young, Park Eun Bin, Han Seung Yeon, Park Hye Soo, Yoon Park","Friendship,  Romance,  Life,  Youth ","Housemates, Female Centered Plot, Sismance, Multiple Mains, College Life, Coming Of Age, Strong Female Lead, Strong Female Characters, Hardworking Female Lead, Multiple Couples",#73,8.6
Mystic Pop-Up Bar,2020,"May 20, 2020 - Jun 25, 2020"," Wednesday, Thursday",12,"jTBC,  Netflix ",1 hr. 8 min.,15+ - Teens 15 or older ,“Mystic Pop-Up Bar” is based on a popular webtoon of the same name and tells the story of a mysterious pojangmacha (outdoor drinking establishment) run by a prickly woman and an innocent part-timer who visit customers in their dreams to help resolve their problems.,"Hwang Jung Eum, Yook Sung Jae, Choi Won Young, Jung Da Eun, Lee Joon Hyuk, Na In Woo","Mystery,  Comedy,  Family,  Fantasy ","Afterlife, Tragic Past, Grudge, Hot-tempered Female Lead, Spirit, Adapted From A Webtoon, Special Power, Family Relationship, Flashback To Past, Food",#74,8.6
Cruel City,2013,"May 27, 2013 - Jul 30, 2013"," Monday, Tuesday",20,jTBC ,60 min.,15+ - Teens 15 or older ,Portrays the cruel life of the drug cartels and the story of revenge for a loved one. ,"Jung Kyung Ho, Nam Gyu Ri, Lee Jae Yoon, Son Chang Min, Kim Yoo Mi, Choi Moo Sung","Action,  Thriller,  Romance,  Crime ","Badass Male Lead, Gang, Bromance, Strong Female Lead, Gangster, Strong Male Lead, Smart Male Lead, Sismance, Steamy Kiss, Drug Dealer",#75,8.6
365,2020,"Mar 23, 2020 - Apr 28, 2020"," Monday, Tuesday",24,MBC ,35 min.,15+ - Teens 15 or older ,"A story where ten people get the chance to go back in time by one year, but unexpectedly mysterious situations start to arise when their fates are changed and twisted in the process.","Lee Joon Hyuk, Nam Ji Hyun, Kim Jee Soo, Lee Sung Wook, Yoon Joo Sang, Ahn Seung Gyun","Thriller,  Mystery,  Drama,  Fantasy ","Strong Female Lead, Time Travel, Nice Male Lead, Suspense, Murder, Detective, Fate, Supernatural, Accident, Webtoon Writer",#76,8.6
Designated Survivor,2019,"Jul  1, 2019 - Aug 20, 2019"," Monday, Tuesday",16,"Netflix,  tvN ",1 hr. 10 min.,15+ - Teens 15 or older ,"Park Moo Jin is a former professor of chemistry and now holds the Minister of Environment position. He doesn't have ambition, personal beliefs or political sense. One day, the cabinet is gathered in the National Assembly for the president's address. A terror attack takes place, killing many government officials, including the president and ministers. Park Moo Jin is the highest ranking government official left alive. He doesn't want the position, but he must sit as the acting president for 60 days. Park Moo Jin chases after the person or group responsible for the attack as he grows as a national leader.","Ji Jin Hee, Son Seok Koo, Kang Han Na, Heo Joon Ho, Lee Joon Hyuk, Choi Yoon Young","Thriller,  Mystery,  Drama,  Political ","Power Struggle, Conspiracy, Blue House, Lying, Social Commentary, Terrorism, Deception, National Intelligence Service, National Assembly, Death",#77,8.6
Just Between Lovers,2017,"Dec 11, 2017 - Jan 30, 2018"," Monday, Tuesday",16,jTBC ,1 hr. 13 min.,15+ - Teens 15 or older ,"A major accident takes the lives of 48 people. The lives of the survivors, those who lost loved ones and those connected to the parties blamed for the tragic event are also marked forever. ","Lee Jun Ho, Won Jin Ah, Lee Ki Woo, Kang Han Na, Kim Hye Joon, Yoon Se Ah","Psychological,  Romance,  Melodrama ","Trauma, Healing, Survivor Guilt, Hardworking Female Lead, Strong Female Lead, Tearjerker, Hardworking Male Lead, Phobia, Disaster, Poor Male Lead",#78,8.6
Squid Game,2021,"Sep 17, 2021", Friday,9,Netflix ,60 min.,18+ Restricted (violence & profanity) ,"After a failed business venture, the debt-ridden chauffeur Seong Gi Hun lives his life gambling away the money he mooches off his elderly mother while failing to provide for her and his estranged daughter. When his life finally hits rock bottom, he receives an irresistible offer promising him a ₩45.6 billion prize in exchange for winning traditional Korean children's games against 455 other players, among them his childhood friend Cho Sang Woo. Commencing the games, the participants soon learn of the deadly consequences that come with losing.","Lee Jung Jae, Park Hae Soo, Jung Ho Yeon, Wi Ha Joon, Anupam Tripathi, Oh Young Soo","Action,  Thriller,  Mystery,  Drama ","Death, Death Game, Poor Male Lead, Extreme Violence, Debt, Gore, Competition, Game Show, Survival, Murder",#79,8.6
Avengers Social Club,2017,"Oct 11, 2017 - Nov 16, 2017"," Wednesday, Thursday",12,tvN ,60 min.,15+ - Teens 15 or older ,"Features three women from different walks of life coming together for revenge: a middle-aged fish store owner who envisioned a better life for herself, a housewife, and an heiress who was raised like a delicate greenhouse flower. They’re an unlikely trio who would never otherwise meet, but they join forces to carry out their individual revenge. Although they start out as co-conspirators, along the way they’ll build a strong friendship.","Lee Yo Won, Ra Mi Ran, Myung Se Bin, Lee Jun Young, Choi Byung Mo, Jang Yong","Friendship,  Comedy,  Life,  Drama ","Revenge, Sismance, Female Centered Plot, Strong Female Lead, Strong Female Characters, Healing, Smart Male Lead, Mother-Son Relationship, Mother-Daughter Relationship, Tragic Past",#80,8.6
The Master's Sun,2013,"Aug  7, 2013 - Oct  3, 2013"," Wednesday, Thursday",17,SBS ,1 hr. 2 min.,15+ - Teens 15 or older ,"Joo Joong Won is the stingy and greedy CEO of Kingdom, a conglomerate that includes a major department store and hotel. He meets the gloomy Tae Gong Shil, who started seeing ghosts after an accident. Their lives take a new turn as they work together to deal with the terror and sadness brought about by the spirits, while delving into a kidnapping incident in Joong Won's past. And unknowingly, they fell in love with each other. Edit Translation  English Français Español Português","Gong Hyo Jin, So Ji Sub, Seo In Guk, Kim Yoo Ri, Choi Jung Woo, Kim  Mi Kyung","Horror,  Comedy,  Romance,  Supernatural ","Ghost, Eccentric Female Lead, Rich Male Lead, Clingy Female Lead, Successful Male Lead, Obsession, Tragic Past, Trauma, Secondary Couple, Eccentric Male Lead",#81,8.6
Once Again,2020,"Mar 28, 2020 - Sep 13, 2020"," Saturday, Sunday",100,KBS2 ,35 min.,15+ - Teens 15 or older ,"""Once Again"" is the story of the eventful Song family who can’t get a day of peace and their neighbors in Yongju Market. ","Chun Ho Jin, Cha Hwa Yun, Lee Jung Eun, Oh Dae Hwan, Lee Min Jung, Lee Sang Yeob","Comedy,  Romance,  Drama,  Family ","Divorce, Family Relationship, Multiple Couples, Multiple Mains, Marriage, Slice Of Life, Married Couple, Age Gap, Sibling, Secret Relationship",#82,8.6
Save Me,2017,"Aug  5, 2017 - Sep 24, 2017"," Saturday, Sunday",16,OCN ,60 min.,15+ - Teens 15 or older ,"Following the failure of her father's business, Sang Mi and her family move to Muji-gun where they have no friends or relatives. There she meets four young men, Han Sang Hwan, Seok Dong Cheol, Woo Jung Hoon, and Choi Man Hee. When Sang Mi and her family face some trouble, Spiritual Father Baek Jung Ki of Goosunwon offers to help them. However, her family is slowly getting sucked into the pseudo-religious cult and the four young men try to save her.","Seo Yea Ji, Ok Taec Yeon, Woo Do Hwan, Jo Sung Ha, Jo Jae Yoon, Park Ji Young","Action,  Thriller,  Mystery,  Drama ","Cult, Adapted From A Webtoon, Church, Strong Female Lead, Bromance, School Bullying, Smart Female Lead, Deception, Strong Male Lead, Ex-convict",#83,8.6
Bad Guys,2014,"Oct  4, 2014 - Dec 13, 2014", Saturday,11,OCN ,1 hr. 5 min.,18+ Restricted (violence & profanity) ,"To combat rising violent crimes, the Police Chief asks Detective Oh Goo Tak to form a team consisting of criminals. ","Kim Sang Joong, Park Hae Jin, Jo Dong Hyuk, Ma Dong Seok, Kang Ye Won, Kang Shin Il","Action,  Thriller,  Psychological,  Crime ","Psychopath, Murder, Teamwork, Serial Killer, Strong Male Lead, Gangster, Smart Male Lead, Skilled Killer, Violence, Death",#84,8.6
Missing,2020,"Aug 29, 2020 - Oct 11, 2020"," Saturday, Sunday",12,OCN ,1 hr. 10 min.,15+ - Teens 15 or older ,"A village holds spirits of missing, deceased people. A search to find the missing bodies and discover the truth behind their disappearance occurs.","Go Soo, Heo Joon Ho, Ahn So Hee, Ha Joon, Seo Eun Soo, Song Geon Hee","Thriller,  Mystery,  Supernatural ","Con Artist, Ghost-seeing Male Lead, Spirit, Missing Person, Detective, Hacker, Bromance, Social Justice, Righteous Male Lead, Death",#85,8.6
Rebel,2017,"Jan 30, 2017 - May 16, 2017"," Monday, Tuesday",30,MBC ,60 min.,15+ - Teens 15 or older ,"“The culprit who is posing as a royal official is not stealing wealth. He is stealing the hearts and minds of your people, Your Majesty.” There was a divisive figure in the Joseon Dynasty who was a hero to the people but an enemy to the establishment. His name was Hong Gil Dong. King Yeonsangun had royal lineage but was reviled by his people while Hong Gil Dong was born as a slave but succeeded in winning over the hearts of the commoners. The struggle between these two men demonstrate the qualities that a true leader needs. This TV series portrays the life of Hong Gil Dong who survived in a hostile and tyrannical kingdom as he waged a fight against the powerful elites.","Yoon Kyun Sang, Chae Soo Bin, Kim Ji Suk, Lee Ha Nee, Kim Sang Joong, Shim Hee Sub","Action,  Thriller,  Historical,  Romance ","Rebellion, Joseon Dynasty, Strong Male Lead, Smart Male Lead, Corruption, Slave, Discrimination, Bromance, Superhuman Strength, Revenge",#86,8.5
Nobody Knows,2020,"Mar  2, 2020 - Apr 21, 2020"," Monday, Tuesday",16,SBS ,1 hr. 10 min.,15+ - Teens 15 or older ,"Detective Young Jin, from the regional investigation unit, has only one thing on her mind: to catch the 'Stigmata' serial killer that murdered her friend 19 years ago. She carries guilt and trauma over the event. She has no friends and lives alone. Her downstairs neighbor’s son, Eun Ho, has built a relationship with her ever since she moved above their apartment. He does menial house chores for her. One day Eun Ho, seems to have fallen off the roof of their apartment building and left in a coma. Young Jin senses foul play and decides to take it upon herself to get to the bottom of it. With the help of Eun Ho’s homeroom teacher, Sun Woo, the both begin to uncover that Eun Ho’s injuries were no accident. Edit Translation  English Русский Italiano Español","Kim Seo Hyung, Ryu Deok Hwan, Park Hoon, Ahn Ji Ho, Min Jin Woong, Kang Ye Won","Thriller,  Mystery,  Drama,  Melodrama ","Strong Female Lead, Smart Female Lead, Unusual Friendship, Murder, Death, Strong Friendship, Guilt, Calm Female Lead, Serial Killer, Trauma",#87,8.5
I Hear Your Voice,2013,"Jun  5, 2013 - Aug  1, 2013"," Wednesday, Thursday",18,SBS ,60 min.,15+ - Teens 15 or older ,"Jang Hye Sung, a bold, sassy, thick-faced, comical, and a materialistic public defender who becomes a lawyer after overcoming poverty and painful memories from her childhood, comes to realization about society and justice after meeting Park Soo Ha, a 19-year-old boy who reads other people’s thoughts and Cha Kwan Woo, an innocent lawyer who lives a disciplined life. Jang Hye Sung is actually Soo Ha's first love after she gave a decisive testimony on his father's murder case 10 years ago and Soo Ha promised to protect her from the killer's threats. Meanwhile, Cha Kwan Woo is Jang Hye Sung's fellow lawyer, a cheerful and an idealistic former cop even though his character is a bit slow, he is nice and pleasant with a firm idea of his principles and justice. Together they will team up to find the justice in the courtroom and solve the toughest cases with less than 1% chance of winning.","Lee Jong Suk, Lee Bo Young, Yoon Sang Hyun, Lee Da Hee, Jung Woong In, Yoon Joo Sang","Mystery,  Law,  Romance,  Supernatural ","Special Power, Revenge, Smart Female Lead, Trauma, Strong Female Lead, Older Woman/Younger Man, Male Chases Female First, Age Gap, Mind Reading, Cohabitation",#88,8.5
Reply 1997,2012,"Jul 24, 2012 - Sep 18, 2012", Tuesday,16,tvN ,60 min.,15+ - Teens 15 or older ,"Set in the 1990's, the drama centers around a female high school student Shi Won, who idolizes boyband H.O.T and her 5 high school friends in Busan. As the timeline moves back and forth between their past as 18-year-old high schoolers in 1997 and their present as 33-year-olds at their high school reunion dinner in 2012, where one couple will announce that they're getting married.","Jung Eun Ji, Seo In Guk, Hoya, Shin So Yool, Eun Ji Won, Lee Si Eon","Comedy,  Romance,  Life,  Family ","Childhood Friends, High School, 1990s, Strong Friendship, First Love, Best Friends, Friends To Lovers, Bromance, Love Square, Unrequited Love",#89,8.5
Kairos,2020,"Oct 26, 2020 - Dec 22, 2020"," Monday, Tuesday",16,MBC ,1 hr. 10 min.,15+ - Teens 15 or older ,"Living a precarious life as a part-timer at a convenience store, Ae Ri strives to support her mother who is on a waiting list for a heart transplant. Unfortunately, her mother’s worsened physical condition leads her to forgo the long-awaited opportunity for the transplant, and just like that her mother disappears. Things were already chaotic enough for Ae Ri when she receives a phone call from a strange man claiming to be from the same world but 31 days in the future. Ironically, he desperately asks Ae Ri for help. Seo Jin, a father and a husband of a close-knit family, has been living a successful life as the youngest person to become a director at a construction company. One day, it all crumbles down with the kidnapping of his daughter and his wife’s suicide. On the verge of breaking down, he is given an opportunity to restore everything that was lost under one condition, help from a strange woman. To bring his daughter and wife back to life, he makes a phone call as the clock strikes 10:33.","Shin Sung Rok, Lee Se Young, Ahn Bo Hyun, Nam Gyu Ri, Kang Seung Yoon, Jo Dong In","Action,  Thriller,  Drama,  Sci-Fi ","Time Altering, Past And Present, Hardworking Male Lead, Smart Male Lead, Family Secret, Rich Male Lead, Betrayal, Gaslighting, Different Timelines, Successful Male Lead",#90,8.5
Dali and the Cocky Prince,2021,"Sep 22, 2021 - Nov 11, 2021"," Wednesday, Thursday",16,KBS2 ,1 hr. 5 min.,15+ - Teens 15 or older ,"As a young boy, Moo Hak grew up in the market as a peddler. Although he is ignorant, he is strong-willed and knows how to make money. He is now the managing director of Dondon F and B, a global restaurant chain that his family started as a small gamjatang diner. However, he isn't dignified and only cares about money. He meets Da Li, the only daughter and child of an upper-class family who runs an art gallery. She has a profound deep knowledge of things. She gets faced with bankruptcy due to her father's sudden death and begins a hard life. Moo Hak and Da Li start a relationship as a creditor and debtor over the art gallery. Will these two polar opposites understand each other and fall in love?","Park Gyu Young, Kim Min Jae, Kwon Yool, Hwang Hee, Yeonwoo, Park Sang Myun","Comedy,  Romance,  Drama ","Smart Female Lead, Rich Female Lead, Art Gallery, Rich Male Lead, Multilingual, Bankruptcy, Art, Eccentric Male Lead, Healthy Mains’ Relationship, Male Chases Female First",#91,8.5
Yumi's Cells,2021,"Sep 17, 2021 - Oct 30, 2021"," Friday, Saturday",14,tvN ,1 hr. 10 min.,13+ - Teens 13 or older ,"Controlled by a complex network of cells, each and every human on the planet is kept running by an unseen operating system that is, for the most part, completely ignored. Though humans never give much thought to how they manage to function, day in and day out, the cells within the human body are constantly at work, doing their part to keep their human alive and well. Which is why on the outside, Kim Yoo Mi may appear to be just like every other single working woman in the world, but underneath that ordinary exterior lies something truly extraordinary. ","Kim Go Eun, Ahn Bo Hyun, Park Ji Hyun, Lee Yoo Bi, Joo Jong Hyuk, Park Jin Young","Psychological,  Comedy,  Romance,  Drama ","Career Woman, Slice Of Life, Friendship, Mixed Live Action-Animation, Office Worker, Workplace, Adapted From A Webtoon, Honest Male Lead, Game Developer, Personal Growth",#92,8.5
Arthdal Chronicles Part 1,2019,"Jun  1, 2019 - Jun 16, 2019"," Saturday, Sunday",6,"Netflix,  tvN ",1 hr. 20 min.,15+ - Teens 15 or older ,"Set in the fictional land of Arthdal during ancient times(bronze age). Eun Seom was born with a fate to bring disaster to Arthdal, which leads him and his mother, who wants to save him, to endure hardships. Finally, they decide to leave and travel together to a better place. Although Eun Seom grows up in the new land, he is seen as an outcast because he is different from the land's natives. Ta Gon is a war hero of Arthdal. He has paved the way for Arthdal to become a prosperous city and nation and he is the strongest warrior in Arthdal. He dreams of becoming the first king of Arthdal.","Song Joong Ki, Kim Ji Won, Jang Dong Gun, Kim Ok Bin, Kim Eui Sung, Lee Do Kyung","Historical,  Romance,  Fantasy,  Political ","Power Struggle, Multiple Mains, Curse, Hidden Identity, Identical Twins, Strong Female Lead, War, Orphan Male Lead, Slavery, Shamanism",#93,8.5
Beautiful World,2019,"Apr  5, 2019 - May 25, 2019"," Friday, Saturday",16,"jTBC,  Viki ",60 min.,15+ - Teens 15 or older ,"This drama is about a boy on the edge of life and death, and his family's quest to find the truth.  Amidst the lies and secrets, mistrust and pain, the family looks for hope in this crazy world.  Mu Jin, is a teacher and a father. His wife, In Ha, runs 'Ho Ho Bakery' and they have a 9th-grade son and an 8th-grade daughter.  For the sake of their kids' education, they move to a different neighborhood. One day, at their new competitive school, Sun Ho gets into an accident, causing him to become brain dead.  The father and mother, filled with great guilt and rage because of the accident, investigate to find out what happened to cause the accident.  Su Ho, Sun Ho's baby sister, also sets out on her own to find out the truth behind her brother's accident.","Park Hee Soon , Choo Ja Hyun, Oh Man Suk, Cho Yeo Jung, Nam  Da Reum , Kim Hwan Hee","Life,  School,  Family,  Melodrama ","School Bullying, Family Relationship, Coma, Tearjerker, Sibling, Student, Psychopath, High School, Married Couple, Strong Female Lead",#94,8.5
What's Wrong with Secretary Kim,2018,"Jun  6, 2018 - Jul 26, 2018"," Wednesday, Thursday",16,tvN ,1 hr. 9 min.,15+ - Teens 15 or older ,"The series revolves around the narcissistic Lee Young Joon, the vice president of a company run by his family. He is very self-absorbed and thinks highly of himself, so much that he barely acknowledges the people around him. Lee Young Joon has a capable and patient secretary Kim Mi So who has remained by his side and worked diligently for 9 years without any romantic involvement. However, Mi So now wants to set her life & focus on herself so when she decides to resign from her job, hilarious misunderstandings ensue. After 9 years of their strictly-workplace relationship, can it now develop in something more?","Park Min Young, Park Seo Joon, Lee Tae Hwan, Pyo Ye Jin, Kim Hye Ok, Kim Byung Ok","Friendship,  Business,  Comedy,  Romance ","Adapted From A Webtoon, Steamy Kiss, Male Chases Female First, Boss-Employee Relationship, Office Romance, Rich Male Lead, Calm Female Lead, Trauma, Smart Female Lead, Secretary",#95,8.5
Vagabond,2019,"Sep 20, 2019 - Nov 23, 2019"," Friday, Saturday",16,"Netflix,  SBS ",1 hr. 10 min.,15+ - Teens 15 or older ,"Cha Dal Gun becomes an awakened tiger in the face of his nephew’s death in a mysterious plane crash. As an orphan himself, he had raised his nephew singlehandedly in place of his brother who had passed on. Triggered by the large-scale cover-up of the incident, he sets off on a journey to discover the truth. ","Lee Seung Gi, Bae Suzy, Shin Sung Rok, Baek  Yoon Shik, Moon Sung Geun, Kim Min Jong","Action,  Thriller,  Mystery,  Crime ","Plane Crash, Revenge, National Intelligence Service, Corruption, Agent, Death Of A Child, Death, Spy, Strong Male Lead, Terrorist",#96,8.5
Doctor John,2019,"Jul 19, 2019 - Sep  7, 2019"," Friday, Saturday",32,SBS ,35 min.,15+ - Teens 15 or older ,"“Doctor John” is a medical drama about doctors specializing in pain management. In a refreshing take on the genre, “Doctor John” will portray the doctors’ search for the cause of their patients’ mysterious pain as a thrilling chase, almost like a detective hunting down the perpetrator behind an unsolved crime. ","Ji Sung, Lee Se Young, Lee Kyu Hyung, Hwang Hee, Jung Min Ah, Kwon Hwa Woon","Mystery,  Romance,  Life,  Medical ","Smart Male Lead, Incurable Disease, Eccentric Male Lead, Euthanasia, Hardworking Male Lead, PTSD, Ex-convict, Secret, Trauma, Tragic Past",#97,8.5
When the Camellia Blooms,2019,"Sep 18, 2019 - Nov 21, 2019"," Wednesday, Thursday",40,"KBS2,  Netflix ",35 min.,15+ - Teens 15 or older ,"Dong Baek is a single mother living in the small town of Ongsan. She runs the bar-restaurant Camellia, while also taking care of her son Pil Gu. The people of Ongsan frequently gossip about Dong Baek. She grew up as an orphan, is a single mother and runs a bar where many of the men in Ongsan frequent. Regardless of what the locals may whisper about Dong Baek, local police officer Hwang Yong Shik is deeply in love with her. Meanwhile, Dong Baek's ex-boyfriend Kang Jong Ryeol suddenly reappears in her life. He is a famous baseball player, that hid their relationship when they dated. While Dong Baek tries to find happiness, something truly sinister lurks in the background. A serial killer roams Ongsan and Dong Baek may be a target.","Gong Hyo Jin, Kang Ha Neul, Kim Ji Suk, Son Dam Bi, Oh Jung Se, Yeom Hye Ran","Thriller,  Comedy,  Romance,  Drama,  Family ","Single Mother, Mystery, Motherhood, Serial Killer, Mother-Son Relationship, Hardworking Female Lead, Dorky Male Lead, Male Chases Female First, Nice Male Lead, Independent Female Lead",#98,8.5
Because This Is My First Life,2017,"Oct  9, 2017 - Nov 28, 2017"," Monday, Tuesday",16,tvN ,1 hr. 10 min.,15+ - Teens 15 or older ,A house-poor man and homeless woman become housemates in a drama that examines the institution of marriage and the problems that young people face today.,"Jung So Min, Lee Min Ki, Esom, Park Byung Eun, Kim Ga Eun, Kim Min Seok","Comedy,  Romance,  Life,  Drama ","Contract Relationship, Marriage Of Convenience, Housemates, Eccentric Male Lead, Multiple Couples, Cohabitation, Sismance, Nerdy Male Lead, Writer, Multiple Mains",#99,8.5
Fight For My Way,2017,"May 22, 2017 - Jul 11, 2017"," Monday, Tuesday",16,KBS2 ,60 min.,15+ - Teens 15 or older ,Can you still go after your dreams without the right background?,"Park Seo Joon, Kim Ji Won, Ahn Jae Hong, Song  Ha Yoon, Kim Sung Oh, Jin Hee Kyung","Business,  Comedy,  Romance,  Sports ","Childhood Friends, Friends To Lovers, Strong Male Lead, Strong Female Lead, Neighbors, Strong Friendship, Personal Growth, Character Development, Secondary Couple, Ex-girlfriend Comes Back",#100,8.5
